CREATE TABLE IF NOT EXISTS countries (
    id INT AUTO_INCREMENT PRIMARY KEY,
    name_ru VARCHAR(255) NOT NULL,
    name_en VARCHAR(255) NOT NULL,
    code VARCHAR(8) NOT NULL,
    code_numeric INT NOT NULL
);

CREATE TABLE IF NOT EXISTS cities (
    id INT PRIMARY KEY,
    name_ru VARCHAR(255) NOT NULL
);

CREATE TABLE IF NOT EXISTS organizers (
    id INT AUTO_INCREMENT PRIMARY KEY,
    full_name VARCHAR(255) NOT NULL,
    email VARCHAR(255) NOT NULL UNIQUE,
    birth_date DATE NOT NULL,
    city_id INT NOT NULL,
    phone VARCHAR(32) NOT NULL,
    password VARCHAR(64) NOT NULL,
    photo_filename VARCHAR(128) NOT NULL,
    gender VARCHAR(16) NOT NULL,
    FOREIGN KEY (city_id) REFERENCES cities(id)
);

CREATE TABLE IF NOT EXISTS jury_members (
    id INT AUTO_INCREMENT PRIMARY KEY,
    full_name VARCHAR(255) NOT NULL,
    gender VARCHAR(16) NOT NULL,
    email VARCHAR(255) NOT NULL UNIQUE,
    birth_date DATE NOT NULL,
    city_id INT NOT NULL,
    phone VARCHAR(32) NOT NULL,
    specialization VARCHAR(64) NOT NULL,
    password VARCHAR(64) NOT NULL,
    photo_filename VARCHAR(128) NOT NULL,
    FOREIGN KEY (city_id) REFERENCES cities(id)
);

CREATE TABLE IF NOT EXISTS moderators (
    id INT AUTO_INCREMENT PRIMARY KEY,
    full_name VARCHAR(255) NOT NULL,
    gender VARCHAR(16) NOT NULL,
    email VARCHAR(255) NOT NULL UNIQUE,
    birth_date DATE NOT NULL,
    city_id INT NOT NULL,
    phone VARCHAR(32) NOT NULL,
    direction VARCHAR(64) NOT NULL,
    event_area VARCHAR(128) NOT NULL,
    password VARCHAR(64) NOT NULL,
    photo_filename VARCHAR(128) NOT NULL,
    FOREIGN KEY (city_id) REFERENCES cities(id)
);

CREATE TABLE IF NOT EXISTS participants (
    id INT AUTO_INCREMENT PRIMARY KEY,
    full_name VARCHAR(255) NOT NULL,
    email VARCHAR(255) NOT NULL UNIQUE,
    birth_date DATE NOT NULL,
    city_id INT NOT NULL,
    phone VARCHAR(32) NOT NULL,
    password VARCHAR(64) NOT NULL,
    photo_filename VARCHAR(128) NOT NULL,
    gender VARCHAR(16) NOT NULL,
    FOREIGN KEY (city_id) REFERENCES cities(id)
);

CREATE TABLE IF NOT EXISTS events (
    id INT PRIMARY KEY,
    title VARCHAR(512) NOT NULL,
    event_date DATE NOT NULL,
    duration_days INT NOT NULL,
    city_id INT NOT NULL,
    direction VARCHAR(128) NOT NULL,
    FOREIGN KEY (city_id) REFERENCES cities(id)
);

CREATE TABLE IF NOT EXISTS activity_votes (
    id INT AUTO_INCREMENT PRIMARY KEY,
    winner_name VARCHAR(255) NOT NULL,
    jury_slot INT NOT NULL,
    jury_member_name VARCHAR(255) NOT NULL
);

INSERT INTO countries (name_ru, name_en, code, code_numeric) VALUES
    ('Абхазия', 'Abkhazia', 'AB', 895),
    ('Австралия', 'Australia', 'AU', 36),
    ('Австрия', 'Austria', 'AT', 40),
    ('Азербайджан', 'Azerbaijan', 'AZ', 31),
    ('Албания', 'Albania', 'AL', 8),
    ('Алжир', 'Algeria', 'DZ', 12),
    ('Американское Самоа', 'American Samoa', 'AS', 16),
    ('Ангилья', 'Anguilla', 'AI', 660),
    ('Ангола', 'Angola', 'AO', 24),
    ('Андорра', 'Andorra', 'AD', 20),
    ('Антарктида', 'Antarctica', 'AQ', 10),
    ('Антигуа и Барбуда', 'Antigua and Barbuda', 'AG', 28),
    ('Аргентина', 'Argentina', 'AR', 32),
    ('Армения', 'Armenia', 'AM', 51),
    ('Аруба', 'Aruba', 'AW', 533),
    ('Афганистан', 'Afghanistan', 'AF', 4),
    ('Багамы', 'Bahamas', 'BS', 44),
    ('Бангладеш', 'Bangladesh', 'BD', 50),
    ('Барбадос', 'Barbados', 'BB', 52),
    ('Бахрейн', 'Bahrain', 'BH', 48),
    ('Беларусь', 'Belarus', 'BY', 112),
    ('Белиз', 'Belize', 'BZ', 84),
    ('Бельгия', 'Belgium', 'BE', 56),
    ('Бенин', 'Benin', 'BJ', 204),
    ('Бермуды', 'Bermuda', 'BM', 60),
    ('Болгария', 'Bulgaria', 'BG', 100),
    ('Боливия, Многонациональное Государство', 'Bolivia, plurinational state of', 'BO', 68),
    ('Бонайре, Саба и Синт-Эстатиус', 'Bonaire, Sint Eustatius and Saba', 'BQ', 535),
    ('Босния и Герцеговина', 'Bosnia and Herzegovina', 'BA', 70),
    ('Ботсвана', 'Botswana', 'BW', 72),
    ('Бразилия', 'Brazil', 'BR', 76),
    ('Британская территория в Индийском океане', 'British Indian Ocean Territory', 'IO', 86),
    ('Бруней-Даруссалам', 'Brunei Darussalam', 'BN', 96),
    ('Буркина-Фасо', 'Burkina Faso', 'BF', 854),
    ('Бурунди', 'Burundi', 'BI', 108),
    ('Бутан', 'Bhutan', 'BT', 64),
    ('Вануату', 'Vanuatu', 'VU', 548),
    ('Венгрия', 'Hungary', 'HU', 348),
    ('Венесуэла Боливарианская Республика', 'Venezuela', 'VE', 862),
    ('Виргинские острова, Британские', 'Virgin Islands, British', 'VG', 92),
    ('Виргинские острова, США', 'Virgin Islands, U.S.', 'VI', 850),
    ('Вьетнам', 'Vietnam', 'VN', 704),
    ('Габон', 'Gabon', 'GA', 266),
    ('Гаити', 'Haiti', 'HT', 332),
    ('Гайана', 'Guyana', 'GY', 328),
    ('Гамбия', 'Gambia', 'GM', 270),
    ('Гана', 'Ghana', 'GH', 288),
    ('Гваделупа', 'Guadeloupe', 'GP', 312),
    ('Гватемала', 'Guatemala', 'GT', 320),
    ('Гвинея', 'Guinea', 'GN', 324),
    ('Гвинея-Бисау', 'Guinea-Bissau', 'GW', 624),
    ('Германия', 'Germany', 'DE', 276),
    ('Гернси', 'Guernsey', 'GG', 831),
    ('Гибралтар', 'Gibraltar', 'GI', 292),
    ('Гондурас', 'Honduras', 'HN', 340),
    ('Гонконг', 'Hong Kong', 'HK', 344),
    ('Гренада', 'Grenada', 'GD', 308),
    ('Гренландия', 'Greenland', 'GL', 304),
    ('Греция', 'Greece', 'GR', 300),
    ('Грузия', 'Georgia', 'GE', 268),
    ('Гуам', 'Guam', 'GU', 316),
    ('Дания', 'Denmark', 'DK', 208),
    ('Джерси', 'Jersey', 'JE', 832),
    ('Джибути', 'Djibouti', 'DJ', 262),
    ('Доминика', 'Dominica', 'DM', 212),
    ('Доминиканская Республика', 'Dominican Republic', 'DO', 214),
    ('Египет', 'Egypt', 'EG', 818),
    ('Замбия', 'Zambia', 'ZM', 894),
    ('Западная Сахара', 'Western Sahara', 'EH', 732),
    ('Зимбабве', 'Zimbabwe', 'ZW', 716),
    ('Израиль', 'Israel', 'IL', 376),
    ('Индия', 'India', 'IN', 356),
    ('Индонезия', 'Indonesia', 'ID', 360),
    ('Иордания', 'Jordan', 'JO', 400),
    ('Ирак', 'Iraq', 'IQ', 368),
    ('Иран, Исламская Республика', 'Iran, Islamic Republic of', 'IR', 364),
    ('Ирландия', 'Ireland', 'IE', 372),
    ('Исландия', 'Iceland', 'IS', 352),
    ('Испания', 'Spain', 'ES', 724),
    ('Италия', 'Italy', 'IT', 380),
    ('Йемен', 'Yemen', 'YE', 887),
    ('Кабо-Верде', 'Cape Verde', 'CV', 132),
    ('Казахстан', 'Kazakhstan', 'KZ', 398),
    ('Камбоджа', 'Cambodia', 'KH', 116),
    ('Камерун', 'Cameroon', 'CM', 120),
    ('Канада', 'Canada', 'CA', 124),
    ('Катар', 'Qatar', 'QA', 634),
    ('Кения', 'Kenya', 'KE', 404),
    ('Кипр', 'Cyprus', 'CY', 196),
    ('Киргизия', 'Kyrgyzstan', 'KG', 417),
    ('Кирибати', 'Kiribati', 'KI', 296),
    ('Китай', 'China', 'CN', 156),
    ('Кокосовые (Килинг) острова', 'Cocos (Keeling) Islands', 'CC', 166),
    ('Колумбия', 'Colombia', 'CO', 170),
    ('Коморы', 'Comoros', 'KM', 174),
    ('Конго', 'Congo', 'CG', 178),
    ('Конго, Демократическая Республика', 'Congo, Democratic Republic of the', 'CD', 180),
    ('Корея, Народно-Демократическая Республика', 'Korea, Democratic People''s republic of', 'KP', 408),
    ('Корея, Республика', 'Korea, Republic of', 'KR', 410),
    ('Коста-Рика', 'Costa Rica', 'CR', 188),
    ('Кот д''Ивуар', 'Cote d''Ivoire', 'CI', 384),
    ('Куба', 'Cuba', 'CU', 192),
    ('Кувейт', 'Kuwait', 'KW', 414),
    ('Кюрасао', 'Curaçao', 'CW', 531),
    ('Лаос', 'Lao People''s Democratic Republic', 'LA', 418),
    ('Латвия', 'Latvia', 'LV', 428),
    ('Лесото', 'Lesotho', 'LS', 426),
    ('Ливан', 'Lebanon', 'LB', 422),
    ('Ливийская Арабская Джамахирия', 'Libyan Arab Jamahiriya', 'LY', 434),
    ('Либерия', 'Liberia', 'LR', 430),
    ('Лихтенштейн', 'Liechtenstein', 'LI', 438),
    ('Литва', 'Lithuania', 'LT', 440),
    ('Люксембург', 'Luxembourg', 'LU', 442),
    ('Маврикий', 'Mauritius', 'MU', 480),
    ('Мавритания', 'Mauritania', 'MR', 478),
    ('Мадагаскар', 'Madagascar', 'MG', 450),
    ('Майотта', 'Mayotte', 'YT', 175),
    ('Макао', 'Macao', 'MO', 446),
    ('Малави', 'Malawi', 'MW', 454),
    ('Малайзия', 'Malaysia', 'MY', 458),
    ('Мали', 'Mali', 'ML', 466),
    ('Малые Тихоокеанские отдаленные острова Соединенных Штатов', 'United States Minor Outlying Islands', 'UM', 581),
    ('Мальдивы', 'Maldives', 'MV', 462),
    ('Мальта', 'Malta', 'MT', 470),
    ('Марокко', 'Morocco', 'MA', 504),
    ('Мартиника', 'Martinique', 'MQ', 474),
    ('Маршалловы острова', 'Marshall Islands', 'MH', 584),
    ('Мексика', 'Mexico', 'MX', 484),
    ('Микронезия, Федеративные Штаты', 'Micronesia, Federated States of', 'FM', 583),
    ('Мозамбик', 'Mozambique', 'MZ', 508),
    ('Молдова, Республика', 'Moldova', 'MD', 498),
    ('Монако', 'Monaco', 'MC', 492),
    ('Монголия', 'Mongolia', 'MN', 496),
    ('Монтсеррат', 'Montserrat', 'MS', 500),
    ('Мьянма', 'Myanmar', 'MM', 104),
    ('Намибия', 'Namibia', 'NA', 516),
    ('Науру', 'Nauru', 'NR', 520),
    ('Непал', 'Nepal', 'NP', 524),
    ('Нигер', 'Niger', 'NE', 562),
    ('Нигерия', 'Nigeria', 'NG', 566),
    ('Нидерланды', 'Netherlands', 'NL', 528),
    ('Никарагуа', 'Nicaragua', 'NI', 558),
    ('Ниуэ', 'Niue', 'NU', 570),
    ('Новая Зеландия', 'New Zealand', 'NZ', 554),
    ('Новая Каледония', 'New Caledonia', 'NC', 540),
    ('Норвегия', 'Norway', 'NO', 578),
    ('Объединенные Арабские Эмираты', 'United Arab Emirates', 'AE', 784),
    ('Оман', 'Oman', 'OM', 512),
    ('Остров Буве', 'Bouvet Island', 'BV', 74),
    ('Остров Мэн', 'Isle of Man', 'IM', 833),
    ('Остров Норфолк', 'Norfolk Island', 'NF', 574),
    ('Остров Рождества', 'Christmas Island', 'CX', 162),
    ('Остров Херд и острова Макдональд', 'Heard Island and McDonald Islands', 'HM', 334),
    ('Острова Кайман', 'Cayman Islands', 'KY', 136),
    ('Острова Кука', 'Cook Islands', 'CK', 184),
    ('Острова Теркс и Кайкос', 'Turks and Caicos Islands', 'TC', 796),
    ('Пакистан', 'Pakistan', 'PK', 586),
    ('Палау', 'Palau', 'PW', 585),
    ('Палестинская территория, оккупированная', 'Palestinian Territory, Occupied', 'PS', 275),
    ('Панама', 'Panama', 'PA', 591),
    ('Папский Престол (Государство — город Ватикан)', 'Holy See (Vatican City State)', 'VA', 336),
    ('Папуа-Новая Гвинея', 'Papua New Guinea', 'PG', 598),
    ('Парагвай', 'Paraguay', 'PY', 600),
    ('Перу', 'Peru', 'PE', 604),
    ('Питкерн', 'Pitcairn', 'PN', 612),
    ('Польша', 'Poland', 'PL', 616),
    ('Португалия', 'Portugal', 'PT', 620),
    ('Пуэрто-Рико', 'Puerto Rico', 'PR', 630),
    ('Республика Македония', 'Macedonia, The Former Yugoslav Republic Of', 'MK', 807),
    ('Реюньон', 'Reunion', 'RE', 638),
    ('Россия', 'Russian Federation', 'RU', 643),
    ('Руанда', 'Rwanda', 'RW', 646),
    ('Румыния', 'Romania', 'RO', 642),
    ('Самоа', 'Samoa', 'WS', 882),
    ('Сан-Марино', 'San Marino', 'SM', 674),
    ('Сан-Томе и Принсипи', 'Sao Tome and Principe', 'ST', 678),
    ('Саудовская Аравия', 'Saudi Arabia', 'SA', 682),
    ('Свазиленд', 'Swaziland', 'SZ', 748),
    ('Святая Елена, Остров вознесения, Тристан-да-Кунья', 'Saint Helena, Ascension And Tristan Da Cunha', 'SH', 654),
    ('Северные Марианские острова', 'Northern Mariana Islands', 'MP', 580),
    ('Сен-Бартельми', 'Saint Barthélemy', 'BL', 652),
    ('Сен-Мартен', 'Saint Martin (French Part)', 'MF', 663),
    ('Сенегал', 'Senegal', 'SN', 686),
    ('Сент-Винсент и Гренадины', 'Saint Vincent and the Grenadines', 'VC', 670),
    ('Сент-Люсия', 'Saint Lucia', 'LC', 662),
    ('Сент-Китс и Невис', 'Saint Kitts and Nevis', 'KN', 659),
    ('Сент-Пьер и Микелон', 'Saint Pierre and Miquelon', 'PM', 666),
    ('Сербия', 'Serbia', 'RS', 688),
    ('Сейшелы', 'Seychelles', 'SC', 690),
    ('Сингапур', 'Singapore', 'SG', 702),
    ('Синт-Мартен', 'Sint Maarten', 'SX', 534),
    ('Сирийская Арабская Республика', 'Syrian Arab Republic', 'SY', 760),
    ('Словакия', 'Slovakia', 'SK', 703),
    ('Словения', 'Slovenia', 'SI', 705),
    ('Соединенное Королевство', 'United Kingdom', 'GB', 826),
    ('Соединенные Штаты', 'United States', 'US', 840),
    ('Соломоновы острова', 'Solomon Islands', 'SB', 90),
    ('Сомали', 'Somalia', 'SO', 706),
    ('Судан', 'Sudan', 'SD', 729),
    ('Суринам', 'Suriname', 'SR', 740),
    ('Сьерра-Леоне', 'Sierra Leone', 'SL', 694),
    ('Таджикистан', 'Tajikistan', 'TJ', 762),
    ('Таиланд', 'Thailand', 'TH', 764),
    ('Тайвань (Китай)', 'Taiwan, Province of China', 'TW', 158),
    ('Танзания, Объединенная Республика', 'Tanzania, United Republic Of', 'TZ', 834),
    ('Тимор-Лесте', 'Timor-Leste', 'TL', 626),
    ('Того', 'Togo', 'TG', 768),
    ('Токелау', 'Tokelau', 'TK', 772),
    ('Тонга', 'Tonga', 'TO', 776),
    ('Тринидад и Тобаго', 'Trinidad and Tobago', 'TT', 780),
    ('Тувалу', 'Tuvalu', 'TV', 798),
    ('Тунис', 'Tunisia', 'TN', 788),
    ('Туркмения', 'Turkmenistan', 'TM', 795),
    ('Турция', 'Turkey', 'TR', 792),
    ('Уганда', 'Uganda', 'UG', 800),
    ('Узбекистан', 'Uzbekistan', 'UZ', 860),
    ('Украина', 'Ukraine', 'UA', 804),
    ('Уоллис и Футуна', 'Wallis and Futuna', 'WF', 876),
    ('Уругвай', 'Uruguay', 'UY', 858),
    ('Фарерские острова', 'Faroe Islands', 'FO', 234),
    ('Фиджи', 'Fiji', 'FJ', 242),
    ('Филиппины', 'Philippines', 'PH', 608),
    ('Финляндия', 'Finland', 'FI', 246),
    ('Фолклендские острова (Мальвинские)', 'Falkland Islands (Malvinas)', 'FK', 238),
    ('Франция', 'France', 'FR', 250),
    ('Французская Гвиана', 'French Guiana', 'GF', 254),
    ('Французская Полинезия', 'French Polynesia', 'PF', 258),
    ('Французские Южные территории', 'French Southern Territories', 'TF', 260),
    ('Хорватия', 'Croatia', 'HR', 191),
    ('Центрально-Африканская Республика', 'Central African Republic', 'CF', 140),
    ('Чад', 'Chad', 'TD', 148),
    ('Черногория', 'Montenegro', 'ME', 499),
    ('Чешская Республика', 'Czech Republic', 'CZ', 203),
    ('Чили', 'Chile', 'CL', 152),
    ('Швейцария', 'Switzerland', 'CH', 756),
    ('Швеция', 'Sweden', 'SE', 752),
    ('Шпицберген и Ян Майен', 'Svalbard and Jan Mayen', 'SJ', 744),
    ('Шри-Ланка', 'Sri Lanka', 'LK', 144),
    ('Эквадор', 'Ecuador', 'EC', 218),
    ('Экваториальная Гвинея', 'Equatorial Guinea', 'GQ', 226),
    ('Эландские острова', 'Åland Islands', 'AX', 248),
    ('Эль-Сальвадор', 'El Salvador', 'SV', 222),
    ('Эритрея', 'Eritrea', 'ER', 232),
    ('Эстония', 'Estonia', 'EE', 233),
    ('Эфиопия', 'Ethiopia', 'ET', 231),
    ('Южная Африка', 'South Africa', 'ZA', 710),
    ('Южная Джорджия и Южные Сандвичевы острова', 'South Georgia and the South Sandwich Islands', 'GS', 239),
    ('Южная Осетия', 'South Ossetia', 'OS', 896),
    ('Южный Судан', 'South Sudan', 'SS', 728),
    ('Ямайка', 'Jamaica', 'JM', 388),
    ('Япония', 'Japan', 'JP', 392);

INSERT INTO cities (id, name_ru) VALUES
    (1, 'Абаза'),
    (2, 'Абакан'),
    (3, 'Абдулино'),
    (4, 'Абинск'),
    (5, 'Агидель'),
    (6, 'Агрыз'),
    (7, 'Адыгейск'),
    (8, 'Азнакаево'),
    (9, 'Азов'),
    (10, 'Ак-Довурак'),
    (11, 'Аксай'),
    (12, 'Алагир'),
    (13, 'Алапаевск'),
    (14, 'Алатырь'),
    (15, 'Алдан'),
    (16, 'Алейск'),
    (17, 'Александров'),
    (18, 'Александровск'),
    (19, 'Александровск-Сахалинский'),
    (20, 'Алексеевка'),
    (21, 'Алексин'),
    (22, 'Алзамай'),
    (23, 'Алупкане призн.'),
    (24, 'Алуштане призн.'),
    (25, 'Альметьевск'),
    (26, 'Амурск'),
    (27, 'Анадырь'),
    (28, 'Анапа'),
    (29, 'Ангарск'),
    (30, 'Андреаполь'),
    (31, 'Анжеро-Судженск'),
    (32, 'Анива'),
    (33, 'Апатиты'),
    (34, 'Апрелевка'),
    (35, 'Апшеронск'),
    (36, 'Арамиль'),
    (37, 'Аргун'),
    (38, 'Ардатов'),
    (39, 'Ардон'),
    (40, 'Арзамас'),
    (41, 'Аркадак'),
    (42, 'Армавир'),
    (43, 'Армянскне призн.'),
    (44, 'Арсеньев'),
    (45, 'Арск'),
    (46, 'Артём'),
    (47, 'Артёмовск'),
    (48, 'Артёмовский'),
    (49, 'Архангельск'),
    (50, 'Асбест'),
    (51, 'Асино'),
    (52, 'Астрахань'),
    (53, 'Аткарск'),
    (54, 'Ахтубинск'),
    (55, 'Ачинск'),
    (56, 'Аша'),
    (57, 'Бабаево'),
    (58, 'Бабушкин'),
    (59, 'Бавлы'),
    (60, 'Багратионовск'),
    (61, 'Байкальск'),
    (62, 'Баймак'),
    (63, 'Бакал'),
    (64, 'Баксан'),
    (65, 'Балабаново'),
    (66, 'Балаково'),
    (67, 'Балахна'),
    (68, 'Балашиха'),
    (69, 'Балашов'),
    (70, 'Балей'),
    (71, 'Балтийск'),
    (72, 'Барабинск'),
    (73, 'Барнаул'),
    (74, 'Барыш'),
    (75, 'Батайск'),
    (76, 'Бахчисарайне призн.'),
    (77, 'Бежецк'),
    (78, 'Белая Калитва'),
    (79, 'Белая Холуница'),
    (80, 'Белгород'),
    (81, 'Белебей'),
    (82, 'Белёв'),
    (83, 'Белинский'),
    (84, 'Белово'),
    (85, 'Белогорск'),
    (86, 'Белогорскне призн.'),
    (87, 'Белозерск'),
    (88, 'Белокуриха'),
    (89, 'Беломорск'),
    (90, 'Белоозёрский'),
    (91, 'Белорецк'),
    (92, 'Белореченск'),
    (93, 'Белоусово'),
    (94, 'Белоярский'),
    (95, 'Белый'),
    (96, 'Бердск'),
    (97, 'Березники'),
    (98, 'Берёзовский'),
    (99, 'Берёзовский'),
    (100, 'Беслан'),
    (101, 'Бийск'),
    (102, 'Бикин'),
    (103, 'Билибино'),
    (104, 'Биробиджан'),
    (105, 'Бирск'),
    (106, 'Бирюсинск'),
    (107, 'Бирюч'),
    (108, 'Благовещенск'),
    (109, 'Благовещенск'),
    (110, 'Благодарный'),
    (111, 'Бобров'),
    (112, 'Богданович'),
    (113, 'Богородицк'),
    (114, 'Богородск'),
    (115, 'Боготол'),
    (116, 'Богучар'),
    (117, 'Бодайбо'),
    (118, 'Бокситогорск'),
    (119, 'Болгар'),
    (120, 'Бологое'),
    (121, 'Болотное'),
    (122, 'Болохово'),
    (123, 'Болхов'),
    (124, 'Большой Камень'),
    (125, 'Бор'),
    (126, 'Борзя'),
    (127, 'Борисоглебск'),
    (128, 'Боровичи'),
    (129, 'Боровск'),
    (130, 'Бородино'),
    (131, 'Братск'),
    (132, 'Бронницы'),
    (133, 'Брянск'),
    (134, 'Бугульма'),
    (135, 'Бугуруслан'),
    (136, 'Будённовск'),
    (137, 'Бузулук'),
    (138, 'Буинск'),
    (139, 'Буй'),
    (140, 'Буйнакск'),
    (141, 'Бутурлиновка'),
    (142, 'Валдай'),
    (143, 'Валуйки'),
    (144, 'Велиж'),
    (145, 'Великие Луки'),
    (146, 'Великий Новгород'),
    (147, 'Великий Устюг'),
    (148, 'Вельск'),
    (149, 'Венёв'),
    (150, 'Верещагино'),
    (151, 'Верея'),
    (152, 'Верхнеуральск'),
    (153, 'Верхний Тагил'),
    (154, 'Верхний Уфалей'),
    (155, 'Верхняя Пышма'),
    (156, 'Верхняя Салда'),
    (157, 'Верхняя Тура'),
    (158, 'Верхотурье'),
    (159, 'Верхоянск'),
    (160, 'Весьегонск'),
    (161, 'Ветлуга'),
    (162, 'Видное'),
    (163, 'Вилюйск'),
    (164, 'Вилючинск'),
    (165, 'Вихоревка'),
    (166, 'Вичуга'),
    (167, 'Владивосток'),
    (168, 'Владикавказ'),
    (169, 'Владимир'),
    (170, 'Волгоград'),
    (171, 'Волгодонск'),
    (172, 'Волгореченск'),
    (173, 'Волжск'),
    (174, 'Волжский'),
    (175, 'Вологда'),
    (176, 'Володарск'),
    (177, 'Волоколамск'),
    (178, 'Волосово'),
    (179, 'Волхов'),
    (180, 'Волчанск'),
    (181, 'Вольск'),
    (182, 'Воркута'),
    (183, 'Воронеж'),
    (184, 'Ворсма'),
    (185, 'Воскресенск'),
    (186, 'Воткинск'),
    (187, 'Всеволожск'),
    (188, 'Вуктыл'),
    (189, 'Выборг'),
    (190, 'Выкса'),
    (191, 'Высоковск'),
    (192, 'Высоцк'),
    (193, 'Вытегра'),
    (194, 'Вышний Волочёк'),
    (195, 'Вяземский'),
    (196, 'Вязники'),
    (197, 'Вязьма'),
    (198, 'Вятские Поляны'),
    (199, 'Гаврилов Посад'),
    (200, 'Гаврилов-Ям'),
    (201, 'Гагарин'),
    (202, 'Гаджиево'),
    (203, 'Гай'),
    (204, 'Галич'),
    (205, 'Гатчина'),
    (206, 'Гвардейск'),
    (207, 'Гдов'),
    (208, 'Геленджик'),
    (209, 'Георгиевск'),
    (210, 'Глазов'),
    (211, 'Голицыно'),
    (212, 'Горбатов'),
    (213, 'Горно-Алтайск'),
    (214, 'Горнозаводск'),
    (215, 'Горняк'),
    (216, 'Городец'),
    (217, 'Городище'),
    (218, 'Городовиковск'),
    (219, 'Гороховец'),
    (220, 'Горячий Ключ'),
    (221, 'Грайворон'),
    (222, 'Гремячинск'),
    (223, 'Грозный'),
    (224, 'Грязи'),
    (225, 'Грязовец'),
    (226, 'Губаха'),
    (227, 'Губкин'),
    (228, 'Губкинский'),
    (229, 'Гудермес'),
    (230, 'Гуково'),
    (231, 'Гулькевичи'),
    (232, 'Гурьевск'),
    (233, 'Гурьевск'),
    (234, 'Гусев'),
    (235, 'Гусиноозёрск'),
    (236, 'Гусь-Хрустальный'),
    (237, 'Давлеканово'),
    (238, 'Дагестанские Огни'),
    (239, 'Далматово'),
    (240, 'Дальнегорск'),
    (241, 'Дальнереченск'),
    (242, 'Данилов'),
    (243, 'Данков'),
    (244, 'Дегтярск'),
    (245, 'Дедовск'),
    (246, 'Демидов'),
    (247, 'Дербент'),
    (248, 'Десногорск'),
    (249, 'Джанкойне призн.'),
    (250, 'Дзержинск'),
    (251, 'Дзержинский'),
    (252, 'Дивногорск'),
    (253, 'Дигора'),
    (254, 'Димитровград'),
    (255, 'Дмитриев'),
    (256, 'Дмитров'),
    (257, 'Дмитровск'),
    (258, 'Дно'),
    (259, 'Добрянка'),
    (260, 'Долгопрудный'),
    (261, 'Долинск'),
    (262, 'Домодедово'),
    (263, 'Донецк'),
    (264, 'Донской'),
    (265, 'Дорогобуж'),
    (266, 'Дрезна'),
    (267, 'Дубна'),
    (268, 'Дубовка'),
    (269, 'Дудинка'),
    (270, 'Духовщина'),
    (271, 'Дюртюли'),
    (272, 'Дятьково'),
    (273, 'Евпаторияне призн.'),
    (274, 'Егорьевск'),
    (275, 'Ейск'),
    (276, 'Екатеринбург'),
    (277, 'Елабуга'),
    (278, 'Елец'),
    (279, 'Елизово'),
    (280, 'Ельня'),
    (281, 'Еманжелинск'),
    (282, 'Емва'),
    (283, 'Енисейск'),
    (284, 'Ермолино'),
    (285, 'Ершов'),
    (286, 'Ессентуки'),
    (287, 'Ефремов'),
    (288, 'Железноводск'),
    (289, 'Железногорск'),
    (290, 'Железногорск'),
    (291, 'Железногорск-Илимский'),
    (292, 'Жердевка'),
    (293, 'Жигулёвск'),
    (294, 'Жиздра'),
    (295, 'Жирновск'),
    (296, 'Жуков'),
    (297, 'Жуковка'),
    (298, 'Жуковский'),
    (299, 'Завитинск'),
    (300, 'Заводоуковск'),
    (301, 'Заволжск'),
    (302, 'Заволжье'),
    (303, 'Задонск'),
    (304, 'Заинск'),
    (305, 'Закаменск'),
    (306, 'Заозёрный'),
    (307, 'Заозёрск'),
    (308, 'Западная Двина'),
    (309, 'Заполярный'),
    (310, 'Зарайск'),
    (311, 'Заречный'),
    (312, 'Заречный'),
    (313, 'Заринск'),
    (314, 'Звенигово'),
    (315, 'Звенигород'),
    (316, 'Зверево'),
    (317, 'Зеленогорск'),
    (318, 'Зеленоградск'),
    (319, 'Зеленодольск'),
    (320, 'Зеленокумск'),
    (321, 'Зерноград'),
    (322, 'Зея'),
    (323, 'Зима'),
    (324, 'Златоуст'),
    (325, 'Злынка'),
    (326, 'Змеиногорск'),
    (327, 'Знаменск'),
    (328, 'Зубцов'),
    (329, 'Зуевка'),
    (330, 'Ивангород'),
    (331, 'Иваново'),
    (332, 'Ивантеевка'),
    (333, 'Ивдель'),
    (334, 'Игарка'),
    (335, 'Ижевск'),
    (336, 'Избербаш'),
    (337, 'Изобильный'),
    (338, 'Иланский'),
    (339, 'Инза'),
    (340, 'Иннополис'),
    (341, 'Инсар'),
    (342, 'Инта'),
    (343, 'Ипатово'),
    (344, 'Ирбит'),
    (345, 'Иркутск'),
    (346, 'Исилькуль'),
    (347, 'Искитим'),
    (348, 'Истра'),
    (349, 'Ишим'),
    (350, 'Ишимбай'),
    (351, 'Йошкар-Ола'),
    (352, 'Кадников'),
    (353, 'Казань'),
    (354, 'Калач'),
    (355, 'Калач-на-Дону'),
    (356, 'Калачинск'),
    (357, 'Калининград'),
    (358, 'Калининск'),
    (359, 'Калтан'),
    (360, 'Калуга'),
    (361, 'Калязин'),
    (362, 'Камбарка'),
    (363, 'Каменка'),
    (364, 'Каменногорск'),
    (365, 'Каменск-Уральский'),
    (366, 'Каменск-Шахтинский'),
    (367, 'Камень-на-Оби'),
    (368, 'Камешково'),
    (369, 'Камызяк'),
    (370, 'Камышин'),
    (371, 'Камышлов'),
    (372, 'Канаш'),
    (373, 'Кандалакша'),
    (374, 'Канск'),
    (375, 'Карабаново'),
    (376, 'Карабаш'),
    (377, 'Карабулак'),
    (378, 'Карасук'),
    (379, 'Карачаевск'),
    (380, 'Карачев'),
    (381, 'Каргат'),
    (382, 'Каргополь'),
    (383, 'Карпинск'),
    (384, 'Карталы'),
    (385, 'Касимов'),
    (386, 'Касли'),
    (387, 'Каспийск'),
    (388, 'Катав-Ивановск'),
    (389, 'Катайск'),
    (390, 'Качканар'),
    (391, 'Кашин'),
    (392, 'Кашира'),
    (393, 'Кедровый'),
    (394, 'Кемерово'),
    (395, 'Кемь'),
    (396, 'Керчьне призн.'),
    (397, 'Кизел'),
    (398, 'Кизилюрт'),
    (399, 'Кизляр'),
    (400, 'Кимовск'),
    (401, 'Кимры'),
    (402, 'Кингисепп'),
    (403, 'Кинель'),
    (404, 'Кинешма'),
    (405, 'Киреевск'),
    (406, 'Киренск'),
    (407, 'Киржач'),
    (408, 'Кириллов'),
    (409, 'Кириши'),
    (410, 'Киров'),
    (411, 'Киров'),
    (412, 'Кировград'),
    (413, 'Кирово-Чепецк'),
    (414, 'Кировск'),
    (415, 'Кировск'),
    (416, 'Кирс'),
    (417, 'Кирсанов'),
    (418, 'Киселёвск'),
    (419, 'Кисловодск'),
    (420, 'Клин'),
    (421, 'Клинцы'),
    (422, 'Княгинино'),
    (423, 'Ковдор'),
    (424, 'Ковров'),
    (425, 'Ковылкино'),
    (426, 'Когалым'),
    (427, 'Кодинск'),
    (428, 'Козельск'),
    (429, 'Козловка'),
    (430, 'Козьмодемьянск'),
    (431, 'Кола'),
    (432, 'Кологрив'),
    (433, 'Коломна'),
    (434, 'Колпашево'),
    (435, 'Кольчугино'),
    (436, 'Коммунар'),
    (437, 'Комсомольск'),
    (438, 'Комсомольск-на-Амуре'),
    (439, 'Конаково'),
    (440, 'Кондопога'),
    (441, 'Кондрово'),
    (442, 'Константиновск'),
    (443, 'Копейск'),
    (444, 'Кораблино'),
    (445, 'Кореновск'),
    (446, 'Коркино'),
    (447, 'Королёв'),
    (448, 'Короча'),
    (449, 'Корсаков'),
    (450, 'Коряжма'),
    (451, 'Костерёво'),
    (452, 'Костомукша'),
    (453, 'Кострома'),
    (454, 'Котельники'),
    (455, 'Котельниково'),
    (456, 'Котельнич'),
    (457, 'Котлас'),
    (458, 'Котово'),
    (459, 'Котовск'),
    (460, 'Кохма'),
    (461, 'Красавино'),
    (462, 'Красноармейск'),
    (463, 'Красноармейск'),
    (464, 'Красновишерск'),
    (465, 'Красногорск'),
    (466, 'Краснодар'),
    (467, 'Краснозаводск'),
    (468, 'Краснознаменск'),
    (469, 'Краснознаменск'),
    (470, 'Краснокаменск'),
    (471, 'Краснокамск'),
    (472, 'Красноперекопскне призн.'),
    (473, 'Краснослободск'),
    (474, 'Краснослободск'),
    (475, 'Краснотурьинск'),
    (476, 'Красноуральск'),
    (477, 'Красноуфимск'),
    (478, 'Красноярск'),
    (479, 'Красный Кут'),
    (480, 'Красный Сулин'),
    (481, 'Красный Холм'),
    (482, 'Кремёнки'),
    (483, 'Кропоткин'),
    (484, 'Крымск'),
    (485, 'Кстово'),
    (486, 'Кубинка'),
    (487, 'Кувандык'),
    (488, 'Кувшиново'),
    (489, 'Кудрово'),
    (490, 'Кудымкар'),
    (491, 'Кузнецк'),
    (492, 'Куйбышев'),
    (493, 'Кукмор'),
    (494, 'Кулебаки'),
    (495, 'Кумертау'),
    (496, 'Кунгур'),
    (497, 'Купино'),
    (498, 'Курган'),
    (499, 'Курганинск'),
    (500, 'Курильск'),
    (501, 'Курлово'),
    (502, 'Куровское'),
    (503, 'Курск'),
    (504, 'Куртамыш'),
    (505, 'Курчалой'),
    (506, 'Курчатов'),
    (507, 'Куса'),
    (508, 'Кушва'),
    (509, 'Кызыл'),
    (510, 'Кыштым'),
    (511, 'Кяхта'),
    (512, 'Лабинск'),
    (513, 'Лабытнанги'),
    (514, 'Лагань'),
    (515, 'Ладушкин'),
    (516, 'Лаишево'),
    (517, 'Лакинск'),
    (518, 'Лангепас'),
    (519, 'Лахденпохья'),
    (520, 'Лебедянь'),
    (521, 'Лениногорск'),
    (522, 'Ленинск'),
    (523, 'Ленинск-Кузнецкий'),
    (524, 'Ленск'),
    (525, 'Лермонтов'),
    (526, 'Лесной'),
    (527, 'Лесозаводск'),
    (528, 'Лесосибирск'),
    (529, 'Ливны'),
    (530, 'Ликино-Дулёво'),
    (531, 'Липецк'),
    (532, 'Липки'),
    (533, 'Лиски'),
    (534, 'Лихославль'),
    (535, 'Лобня'),
    (536, 'Лодейное Поле'),
    (537, 'Лосино-Петровский'),
    (538, 'Луга'),
    (539, 'Луза'),
    (540, 'Лукоянов'),
    (541, 'Луховицы'),
    (542, 'Лысково'),
    (543, 'Лысьва'),
    (544, 'Лыткарино'),
    (545, 'Льгов'),
    (546, 'Любань'),
    (547, 'Люберцы'),
    (548, 'Любим'),
    (549, 'Людиново'),
    (550, 'Лянтор'),
    (551, 'Магадан'),
    (552, 'Магас'),
    (553, 'Магнитогорск'),
    (554, 'Майкоп'),
    (555, 'Майский'),
    (556, 'Макаров'),
    (557, 'Макарьев'),
    (558, 'Макушино'),
    (559, 'Малая Вишера'),
    (560, 'Малгобек'),
    (561, 'Малмыж'),
    (562, 'Малоархангельск'),
    (563, 'Малоярославец'),
    (564, 'Мамадыш'),
    (565, 'Мамоново'),
    (566, 'Мантурово'),
    (567, 'Мариинск'),
    (568, 'Мариинский Посад'),
    (569, 'Маркс'),
    (570, 'Махачкала'),
    (571, 'Мглин'),
    (572, 'Мегион'),
    (573, 'Медвежьегорск'),
    (574, 'Медногорск'),
    (575, 'Медынь'),
    (576, 'Межгорье'),
    (577, 'Междуреченск'),
    (578, 'Мезень'),
    (579, 'Меленки'),
    (580, 'Мелеуз'),
    (581, 'Менделеевск'),
    (582, 'Мензелинск'),
    (583, 'Мещовск'),
    (584, 'Миасс'),
    (585, 'Микунь'),
    (586, 'Миллерово'),
    (587, 'Минеральные Воды'),
    (588, 'Минусинск'),
    (589, 'Миньяр'),
    (590, 'Мирный'),
    (591, 'Мирный'),
    (592, 'Михайлов'),
    (593, 'Михайловка'),
    (594, 'Михайловск'),
    (595, 'Михайловск'),
    (596, 'Мичуринск'),
    (597, 'Могоча'),
    (598, 'Можайск'),
    (599, 'Можга'),
    (600, 'Моздок'),
    (601, 'Мончегорск'),
    (602, 'Морозовск'),
    (603, 'Моршанск'),
    (604, 'Мосальск'),
    (605, 'Москва'),
    (606, 'Муравленко'),
    (607, 'Мураши'),
    (608, 'Мурино'),
    (609, 'Мурманск'),
    (610, 'Муром'),
    (611, 'Мценск'),
    (612, 'Мыски'),
    (613, 'Мытищи'),
    (614, 'Мышкин'),
    (615, 'Набережные Челны'),
    (616, 'Навашино'),
    (617, 'Наволоки'),
    (618, 'Надым'),
    (619, 'Назарово'),
    (620, 'Назрань'),
    (621, 'Называевск'),
    (622, 'Нальчик'),
    (623, 'Нариманов'),
    (624, 'Наро-Фоминск'),
    (625, 'Нарткала'),
    (626, 'Нарьян-Мар'),
    (627, 'Находка'),
    (628, 'Невель'),
    (629, 'Невельск'),
    (630, 'Невинномысск'),
    (631, 'Невьянск'),
    (632, 'Нелидово'),
    (633, 'Неман'),
    (634, 'Нерехта'),
    (635, 'Нерчинск'),
    (636, 'Нерюнгри'),
    (637, 'Нестеров'),
    (638, 'Нефтегорск'),
    (639, 'Нефтекамск'),
    (640, 'Нефтекумск'),
    (641, 'Нефтеюганск'),
    (642, 'Нея'),
    (643, 'Нижневартовск'),
    (644, 'Нижнекамск'),
    (645, 'Нижнеудинск'),
    (646, 'Нижние Серги'),
    (647, 'Нижний Ломов'),
    (648, 'Нижний Новгород'),
    (649, 'Нижний Тагил'),
    (650, 'Нижняя Салда'),
    (651, 'Нижняя Тура'),
    (652, 'Николаевск'),
    (653, 'Николаевск-на-Амуре'),
    (654, 'Никольск'),
    (655, 'Никольск'),
    (656, 'Никольское'),
    (657, 'Новая Ладога'),
    (658, 'Новая Ляля'),
    (659, 'Новоалександровск'),
    (660, 'Новоалтайск'),
    (661, 'Новоаннинский'),
    (662, 'Нововоронеж'),
    (663, 'Новодвинск'),
    (664, 'Новозыбков'),
    (665, 'Новокубанск'),
    (666, 'Новокузнецк'),
    (667, 'Новокуйбышевск'),
    (668, 'Новомичуринск'),
    (669, 'Новомосковск'),
    (670, 'Новопавловск'),
    (671, 'Новоржев'),
    (672, 'Новороссийск'),
    (673, 'Новосибирск'),
    (674, 'Новосиль'),
    (675, 'Новосокольники'),
    (676, 'Новотроицк'),
    (677, 'Новоузенск'),
    (678, 'Новоульяновск'),
    (679, 'Новоуральск'),
    (680, 'Новохопёрск'),
    (681, 'Новочебоксарск'),
    (682, 'Новочеркасск'),
    (683, 'Новошахтинск'),
    (684, 'Новый Оскол'),
    (685, 'Новый Уренгой'),
    (686, 'Ногинск'),
    (687, 'Нолинск'),
    (688, 'Норильск'),
    (689, 'Ноябрьск'),
    (690, 'Нурлат'),
    (691, 'Нытва'),
    (692, 'Нюрба'),
    (693, 'Нягань'),
    (694, 'Нязепетровск'),
    (695, 'Няндома'),
    (696, 'Облучье'),
    (697, 'Обнинск'),
    (698, 'Обоянь'),
    (699, 'Обь'),
    (700, 'Одинцово'),
    (701, 'Озёрск'),
    (702, 'Озёрск'),
    (703, 'Озёры'),
    (704, 'Октябрьск'),
    (705, 'Октябрьский'),
    (706, 'Окуловка'),
    (707, 'Олёкминск'),
    (708, 'Оленегорск'),
    (709, 'Олонец'),
    (710, 'Омск'),
    (711, 'Омутнинск'),
    (712, 'Онега'),
    (713, 'Опочка'),
    (714, 'Орёл'),
    (715, 'Оренбург'),
    (716, 'Орехово-Зуево'),
    (717, 'Орлов'),
    (718, 'Орск'),
    (719, 'Оса'),
    (720, 'Осинники'),
    (721, 'Осташков'),
    (722, 'Остров'),
    (723, 'Островной'),
    (724, 'Острогожск'),
    (725, 'Отрадное'),
    (726, 'Отрадный'),
    (727, 'Оха'),
    (728, 'Оханск'),
    (729, 'Очёр'),
    (730, 'Павлово'),
    (731, 'Павловск'),
    (732, 'Павловский Посад'),
    (733, 'Палласовка'),
    (734, 'Партизанск'),
    (735, 'Певек'),
    (736, 'Пенза'),
    (737, 'Первомайск'),
    (738, 'Первоуральск'),
    (739, 'Перевоз'),
    (740, 'Пересвет'),
    (741, 'Переславль-Залесский'),
    (742, 'Пермь'),
    (743, 'Пестово'),
    (744, 'Петров Вал'),
    (745, 'Петровск'),
    (746, 'Петровск-Забайкальский'),
    (747, 'Петрозаводск'),
    (748, 'Петропавловск-Камчатский'),
    (749, 'Петухово'),
    (750, 'Петушки'),
    (751, 'Печора'),
    (752, 'Печоры'),
    (753, 'Пикалёво'),
    (754, 'Пионерский'),
    (755, 'Питкяранта'),
    (756, 'Плавск'),
    (757, 'Пласт'),
    (758, 'Плёс'),
    (759, 'Поворино'),
    (760, 'Подольск'),
    (761, 'Подпорожье'),
    (762, 'Покачи'),
    (763, 'Покров'),
    (764, 'Покровск'),
    (765, 'Полевской'),
    (766, 'Полесск'),
    (767, 'Полысаево'),
    (768, 'Полярные Зори'),
    (769, 'Полярный'),
    (770, 'Поронайск'),
    (771, 'Порхов'),
    (772, 'Похвистнево'),
    (773, 'Почеп'),
    (774, 'Починок'),
    (775, 'Пошехонье'),
    (776, 'Правдинск'),
    (777, 'Приволжск'),
    (778, 'Приморск'),
    (779, 'Приморск'),
    (780, 'Приморско-Ахтарск'),
    (781, 'Приозерск'),
    (782, 'Прокопьевск'),
    (783, 'Пролетарск'),
    (784, 'Протвино'),
    (785, 'Прохладный'),
    (786, 'Псков'),
    (787, 'Пугачёв'),
    (788, 'Пудож'),
    (789, 'Пустошка'),
    (790, 'Пучеж'),
    (791, 'Пушкино'),
    (792, 'Пущино'),
    (793, 'Пыталово'),
    (794, 'Пыть-Ях'),
    (795, 'Пятигорск'),
    (796, 'Радужный'),
    (797, 'Радужный'),
    (798, 'Райчихинск'),
    (799, 'Раменское'),
    (800, 'Рассказово'),
    (801, 'Ревда'),
    (802, 'Реж'),
    (803, 'Реутов'),
    (804, 'Ржев'),
    (805, 'Родники'),
    (806, 'Рославль'),
    (807, 'Россошь'),
    (808, 'Ростов-на-Дону'),
    (809, 'Ростов'),
    (810, 'Рошаль'),
    (811, 'Ртищево'),
    (812, 'Рубцовск'),
    (813, 'Рудня'),
    (814, 'Руза'),
    (815, 'Рузаевка'),
    (816, 'Рыбинск'),
    (817, 'Рыбное'),
    (818, 'Рыльск'),
    (819, 'Ряжск'),
    (820, 'Рязань'),
    (821, 'Сакине призн.'),
    (822, 'Салават'),
    (823, 'Салаир'),
    (824, 'Салехард'),
    (825, 'Сальск'),
    (826, 'Самара'),
    (827, 'Санкт-Петербург'),
    (828, 'Саранск'),
    (829, 'Сарапул'),
    (830, 'Саратов'),
    (831, 'Саров'),
    (832, 'Сасово'),
    (833, 'Сатка'),
    (834, 'Сафоново'),
    (835, 'Саяногорск'),
    (836, 'Саянск'),
    (837, 'Светлогорск'),
    (838, 'Светлоград'),
    (839, 'Светлый'),
    (840, 'Светогорск'),
    (841, 'Свирск'),
    (842, 'Свободный'),
    (843, 'Себеж'),
    (844, 'Севастопольне призн.'),
    (845, 'Северо-Курильск'),
    (846, 'Северобайкальск'),
    (847, 'Северодвинск'),
    (848, 'Североморск'),
    (849, 'Североуральск'),
    (850, 'Северск'),
    (851, 'Севск'),
    (852, 'Сегежа'),
    (853, 'Сельцо'),
    (854, 'Семёнов'),
    (855, 'Семикаракорск'),
    (856, 'Семилуки'),
    (857, 'Сенгилей'),
    (858, 'Серафимович'),
    (859, 'Сергач'),
    (860, 'Сергиев Посад'),
    (861, 'Сердобск'),
    (862, 'Серов'),
    (863, 'Серпухов'),
    (864, 'Сертолово'),
    (865, 'Сибай'),
    (866, 'Сим'),
    (867, 'Симферопольне призн.'),
    (868, 'Сковородино'),
    (869, 'Скопин'),
    (870, 'Славгород'),
    (871, 'Славск'),
    (872, 'Славянск-на-Кубани'),
    (873, 'Сланцы'),
    (874, 'Слободской'),
    (875, 'Слюдянка'),
    (876, 'Смоленск'),
    (877, 'Снежинск'),
    (878, 'Снежногорск'),
    (879, 'Собинка'),
    (880, 'Советск'),
    (881, 'Советск'),
    (882, 'Советск'),
    (883, 'Советская Гавань'),
    (884, 'Советский'),
    (885, 'Сокол'),
    (886, 'Солигалич'),
    (887, 'Соликамск'),
    (888, 'Солнечногорск'),
    (889, 'Соль-Илецк'),
    (890, 'Сольвычегодск'),
    (891, 'Сольцы'),
    (892, 'Сорочинск'),
    (893, 'Сорск'),
    (894, 'Сортавала'),
    (895, 'Сосенский'),
    (896, 'Сосновка'),
    (897, 'Сосновоборск'),
    (898, 'Сосновый Бор'),
    (899, 'Сосногорск'),
    (900, 'Сочи'),
    (901, 'Спас-Деменск'),
    (902, 'Спас-Клепики'),
    (903, 'Спасск'),
    (904, 'Спасск-Дальний'),
    (905, 'Спасск-Рязанский'),
    (906, 'Среднеколымск'),
    (907, 'Среднеуральск'),
    (908, 'Сретенск'),
    (909, 'Ставрополь'),
    (910, 'Старая Купавна'),
    (911, 'Старая Русса'),
    (912, 'Старица'),
    (913, 'Стародуб'),
    (914, 'Старый Крымне призн.'),
    (915, 'Старый Оскол'),
    (916, 'Стерлитамак'),
    (917, 'Стрежевой'),
    (918, 'Строитель'),
    (919, 'Струнино'),
    (920, 'Ступино'),
    (921, 'Суворов'),
    (922, 'Судакне призн.'),
    (923, 'Суджа'),
    (924, 'Судогда'),
    (925, 'Суздаль'),
    (926, 'Сунжа'),
    (927, 'Суоярви'),
    (928, 'Сураж'),
    (929, 'Сургут'),
    (930, 'Суровикино'),
    (931, 'Сурск'),
    (932, 'Сусуман'),
    (933, 'Сухиничи'),
    (934, 'Сухой Лог'),
    (935, 'Сызрань'),
    (936, 'Сыктывкар'),
    (937, 'Сысерть'),
    (938, 'Сычёвка'),
    (939, 'Сясьстрой'),
    (940, 'Тавда'),
    (941, 'Таганрог'),
    (942, 'Тайга'),
    (943, 'Тайшет'),
    (944, 'Талдом'),
    (945, 'Талица'),
    (946, 'Тамбов'),
    (947, 'Тара'),
    (948, 'Тарко-Сале'),
    (949, 'Таруса'),
    (950, 'Татарск'),
    (951, 'Таштагол'),
    (952, 'Тверь'),
    (953, 'Теберда'),
    (954, 'Тейково'),
    (955, 'Темников'),
    (956, 'Темрюк'),
    (957, 'Терек'),
    (958, 'Тетюши'),
    (959, 'Тимашёвск'),
    (960, 'Тихвин'),
    (961, 'Тихорецк'),
    (962, 'Тобольск'),
    (963, 'Тогучин'),
    (964, 'Тольятти'),
    (965, 'Томари'),
    (966, 'Томмот'),
    (967, 'Томск'),
    (968, 'Топки'),
    (969, 'Торжок'),
    (970, 'Торопец'),
    (971, 'Тосно'),
    (972, 'Тотьма'),
    (973, 'Трёхгорный'),
    (974, 'Троицк'),
    (975, 'Трубчевск'),
    (976, 'Туапсе'),
    (977, 'Туймазы'),
    (978, 'Тула'),
    (979, 'Тулун'),
    (980, 'Туран'),
    (981, 'Туринск'),
    (982, 'Тутаев'),
    (983, 'Тында'),
    (984, 'Тырныауз'),
    (985, 'Тюкалинск'),
    (986, 'Тюмень'),
    (987, 'Уварово'),
    (988, 'Углегорск'),
    (989, 'Углич'),
    (990, 'Удачный'),
    (991, 'Удомля'),
    (992, 'Ужур'),
    (993, 'Узловая'),
    (994, 'Улан-Удэ'),
    (995, 'Ульяновск'),
    (996, 'Унеча'),
    (997, 'Урай'),
    (998, 'Урень'),
    (999, 'Уржум'),
    (1000, 'Урус-Мартан'),
    (1001, 'Урюпинск'),
    (1002, 'Усинск'),
    (1003, 'Усмань'),
    (1004, 'Усолье-Сибирское'),
    (1005, 'Усолье'),
    (1006, 'Уссурийск'),
    (1007, 'Усть-Джегута'),
    (1008, 'Усть-Илимск'),
    (1009, 'Усть-Катав'),
    (1010, 'Усть-Кут'),
    (1011, 'Усть-Лабинск'),
    (1012, 'Устюжна'),
    (1013, 'Уфа'),
    (1014, 'Ухта'),
    (1015, 'Учалы'),
    (1016, 'Уяр'),
    (1017, 'Фатеж'),
    (1018, 'Феодосияне призн.'),
    (1019, 'Фокино'),
    (1020, 'Фокино'),
    (1021, 'Фролово'),
    (1022, 'Фрязино'),
    (1023, 'Фурманов'),
    (1024, 'Хабаровск'),
    (1025, 'Хадыженск'),
    (1026, 'Ханты-Мансийск'),
    (1027, 'Харабали'),
    (1028, 'Харовск'),
    (1029, 'Хасавюрт'),
    (1030, 'Хвалынск'),
    (1031, 'Хилок'),
    (1032, 'Химки'),
    (1033, 'Холм'),
    (1034, 'Холмск'),
    (1035, 'Хотьково'),
    (1036, 'Цивильск'),
    (1037, 'Цимлянск'),
    (1038, 'Циолковский'),
    (1039, 'Чадан'),
    (1040, 'Чайковский'),
    (1041, 'Чапаевск'),
    (1042, 'Чаплыгин'),
    (1043, 'Чебаркуль'),
    (1044, 'Чебоксары'),
    (1045, 'Чегем'),
    (1046, 'Чекалин'),
    (1047, 'Челябинск'),
    (1048, 'Чердынь'),
    (1049, 'Черемхово'),
    (1050, 'Черепаново'),
    (1051, 'Череповец'),
    (1052, 'Черкесск'),
    (1053, 'Чёрмоз'),
    (1054, 'Черноголовка'),
    (1055, 'Черногорск'),
    (1056, 'Чернушка'),
    (1057, 'Черняховск'),
    (1058, 'Чехов'),
    (1059, 'Чистополь'),
    (1060, 'Чита'),
    (1061, 'Чкаловск'),
    (1062, 'Чудово'),
    (1063, 'Чулым'),
    (1064, 'Чусовой'),
    (1065, 'Чухлома'),
    (1066, 'Шагонар'),
    (1067, 'Шадринск'),
    (1068, 'Шали'),
    (1069, 'Шарыпово'),
    (1070, 'Шарья'),
    (1071, 'Шатура'),
    (1072, 'Шахты'),
    (1073, 'Шахунья'),
    (1074, 'Шацк'),
    (1075, 'Шебекино'),
    (1076, 'Шелехов'),
    (1077, 'Шенкурск'),
    (1078, 'Шилка'),
    (1079, 'Шимановск'),
    (1080, 'Шиханы'),
    (1081, 'Шлиссельбург'),
    (1082, 'Шумерля'),
    (1083, 'Шумиха'),
    (1084, 'Шуя'),
    (1085, 'Щёкино'),
    (1086, 'Щёлкиноне призн.'),
    (1087, 'Щёлково'),
    (1088, 'Щигры'),
    (1089, 'Щучье'),
    (1090, 'Электрогорск'),
    (1091, 'Электросталь'),
    (1092, 'Электроугли'),
    (1093, 'Элиста'),
    (1094, 'Энгельс'),
    (1095, 'Эртиль'),
    (1096, 'Югорск'),
    (1097, 'Южа'),
    (1098, 'Южно-Сахалинск'),
    (1099, 'Южно-Сухокумск'),
    (1100, 'Южноуральск'),
    (1101, 'Юрга'),
    (1102, 'Юрьев-Польский'),
    (1103, 'Юрьевец'),
    (1104, 'Юрюзань'),
    (1105, 'Юхнов'),
    (1106, 'Ядрин'),
    (1107, 'Якутск'),
    (1108, 'Ялтане призн.'),
    (1109, 'Ялуторовск'),
    (1110, 'Янаул'),
    (1111, 'Яранск'),
    (1112, 'Яровое'),
    (1113, 'Ярославль'),
    (1114, 'Ярцево'),
    (1115, 'Ясногорск'),
    (1116, 'Ясный'),
    (1117, 'Яхрома');

INSERT INTO organizers (full_name, email, birth_date, city_id, phone, password, photo_filename, gender) VALUES
    ('Васильев Всеволод Давидович', '6z92wongmash@tutanota.com', '1988-10-16', 51, '7(354)903-53-67', 'Ke22Yh8Pp7', 'foto1.jpg', 'мужской'),
    ('Новиков Фёдор Макарович', 'jkp23vlzsqei@gmail.com', '1980-08-03', 33, '7(6562)925-01-77', 'Tj78jXeH68', 'foto2.jpg', 'мужской'),
    ('Фролова Владислава Савельевна', 'dncmxp1vqr4t@tutanota.com', '1999-07-13', 43, '7(12)981-33-56', 'DF9a8cJf82', 'foto3.jpg', 'женский'),
    ('Кузнецов Елисей Александрович', 'sn4xvg8wyb0h@outlook.com', '1983-12-19', 3, '7(698)667-22-45', 'B2bdk8FD27', 'foto4.jpg', 'мужской'),
    ('Рябова София Матвеевна', '9zaecohlw2xy@tutanota.com', '1998-08-10', 33, '7(38)393-11-43', '58vMHdK4g5', 'foto5.jpg', 'женский'),
    ('Власов Арсений Львович', 'sohzld6c52mv@gmail.com', '1980-05-28', 31, '7(4297)539-13-81', 'T3uhc34E9Z', 'foto6.jpg', 'мужской'),
    ('Маслова Екатерина Макаровна', 'a1v0lgxsz3qb@mail.com', '1983-10-26', 40, '7(49)638-66-62', 'dj8PN3b4M9', 'foto7.jpg', 'женский'),
    ('Агафонов Давид Артёмович', 'lry2ko5t031w@gmail.com', '1995-10-14', 27, '7(65)706-55-85', 'uy69Pp8DY6', 'foto8.jpg', 'мужской'),
    ('Федотова Варвара Сергеевна', 'omrjzf0pc8n6@outlook.com', '1996-12-05', 2, '7(40)420-24-06', 'Sp3k6Ax86E', 'foto9.jpg', 'женский'),
    ('Кудряшова Виктория Дмитриевна', 't1wpou7merxi@yahoo.com', '1999-02-13', 16, '7(427)939-24-67', 'fvm774FV3R', 'foto10.jpg', 'женский');

INSERT INTO jury_members (full_name, gender, email, birth_date, city_id, phone, specialization, password, photo_filename) VALUES
    ('Галкина Верона Васильевна', 'женский', 'obuckridge@sipes.com', '1969-05-18', 35, '7(880)544-61-83', 'Дизайн', 'HHikbP', 'foto21.jpg'),
    ('Герасимова Айлин Ефимовна', 'женский', 'loraine.aufderhar@johnston.info', '1966-06-09', 53, '7(835)478-61-60', 'Дизайн', 'TuhRzy', 'foto22.jpg'),
    ('Большаков Августин Алексеевич', 'мужской', 'juanita.kuvalis@yahoo.com', '1978-07-12', 52, '7(173)770-55-13', 'ИТ', '4Y83lz', 'foto23.jpg'),
    ('Морозов Ким Демьянович', 'мужской', 'ibode@lebsack.com', '1981-10-11', 67, '7(518)761-85-69', 'ИТ', 'z0q7Co', 'foto24.jpg'),
    ('Кошелев Лука Артёмович', 'мужской', 'lilly.rodriguez@yahoo.com', '1995-05-30', 81, '7(375)644-35-80', 'ИТ', 'uB8I2Z', 'foto25.jpg'),
    ('Ларионова Марина Владимировна', 'женский', 'sandrine84@gmail.com', '1950-06-06', 94, '7(521)121-28-90', 'ИТ', 'o7Cjwu', 'foto26.jpg'),
    ('Маслова Марфа Феликсовна', 'женский', 'pearlie.watsica@wintheiser.com', '1997-11-22', 52, '7(615)741-11-77', 'Биг Дата', 'zC4bi7', 'foto27.jpg'),
    ('Гришин Вениамин Петрович', 'мужской', 'kaela97@hotmail.com', '1954-10-15', 72, '7(420)788-04-09', 'Информационная безопасность', 'ubeQbm', 'foto28.jpg'),
    ('Гришин Владислав Аркадьевич', 'мужской', 'gino.baumbach@gmail.com', '1950-08-31', 34, '7(207)088-79-39', 'ИТ', '16BLjl', 'foto29.jpg'),
    ('Корнилова Габи Георгьевна', 'женский', 'deja76@mante.info', '1962-12-26', 64, '7(809)651-85-96', 'Информационная безопасность', 'XLleqI', 'foto30.jpg');

INSERT INTO moderators (full_name, gender, email, birth_date, city_id, phone, direction, event_area, password, photo_filename) VALUES
    ('Царева Виктория Давидовна', 'женский', 'iunhxq41tgr5@tutanota.com', '1988-07-03', 33, '7(567)103-73-32', 'ИТ', 'IT в бизнесе', 'FYi396Dd5u', 'foto9.jpg'),
    ('Зорин Дмитрий Маркович', 'мужской', 'ofdt4z1bijq0@tutanota.com', '1993-09-07', 57, '7(79)644-01-06', 'ИТ', 'IT в бизнесе', '7gi7E8K4Ng', 'foto10.jpg'),
    ('Зотова Анна Тимуровна', 'женский', 'ac6yxzg7rl5k@mail.com', '1990-09-21', 11, '7(488)643-19-98', 'Биг Дата', 'Разработка приложений', '3L3eA5eEg3', 'foto8.jpg'),
    ('Соловьев Тимур Константинович', 'мужской', 'b1p4ur8nsedj@yahoo.com', '1992-09-03', 45, '7(1828)504-39-49', 'Дизайн', 'IT-инфраструктура', 'Si8S5kS83v', 'foto11.jpg'),
    ('Малахов Александр Фёдорович', 'мужской', 'wyo6k9emv1j5@mail.com', '1957-05-18', 78, '7(905)793-68-23', 'Биг Дата', 'Разработка приложений', 'T83vfX2Z3b', 'foto12.jpg'),
    ('Зорин Марк Ярославович', 'мужской', 'g7kwp8lu65xi@tutanota.com', '1961-03-09', 82, '7(54)522-60-54', 'Аналитика', 'Стартапы', '25cPn58HxV', 'foto13.jpg'),
    ('Егорова Ева Михайловна', 'женский', 'doj5r1m8xnky@gmail.com', '1987-06-15', 80, '7(05)441-48-14', 'ИТ', 'IT в бизнесе', '3z86YDzaX8', 'foto14.jpg'),
    ('Гущина Кристина Львовна', 'женский', 'bxk06h5touyr@mail.com', '1966-06-28', 47, '7(023)826-25-26', 'Информационная безопасность', 'Информационная безопасность', 't8F9hZXp89', 'foto16.jpg'),
    ('Кудрявцева Виктория Романовна', 'женский', '26yf8xbcntgp@gmail.com', '1953-01-27', 30, '7(7804)582-64-90', 'Биг Дата', 'Разработка приложений', '92mARR3gu4', 'foto17.jpg'),
    ('Новикова Александра Александровна', 'женский', '0z4fvq65c7tg@gmail.com', '1982-09-02', 76, '7(1472)122-56-07', 'Аналитика', 'Стартапы', 'Kf64Y6rhZ3', 'foto18.jpg'),
    ('Масленников Родион Филиппович', 'мужской', '3kma18t5furi@gmail.com', '1952-06-09', 24, '7(23)912-71-67', 'Аналитика', 'Стартапы', 's7iAYE9d38', 'foto19.jpg'),
    ('Иванов Тимур Иванович', 'мужской', 'ws7nxyhd6g1o@yahoo.com', '1955-08-30', 6, '7(5939)489-85-18', 'Информационная безопасность', 'Информационная безопасность', '3Ga9jfT9D2', 'foto20.jpg'),
    ('Иванов Сергей Степанович', 'мужской', 'oitzvs1mylj2@gmail.com', '1993-09-01', 83, '7(4020)034-48-35', 'Дизайн', 'IT-инфраструктура', 'N6598CFsgi', 'foto21.jpg'),
    ('Спиридонов Ярослав Сергеевич', 'мужской', 'las6pufjkv45@outlook.com', '1969-04-22', 64, '7(17)843-77-26', 'Дизайн', 'IT-инфраструктура', 'DV5625Zfmj', 'foto22.jpg'),
    ('Виноградова Эмилия Валерьевна', 'женский', 'nl81b9i7s0ka@gmail.com', '1991-10-25', 90, '7(16)788-42-97', 'Дизайн', 'IT-инфраструктура', '22YyD83dMg', 'foto23.jpg'),
    ('Мартынова Ева Семёновна', 'женский', 'ma87ser3gkj9@yahoo.com', '1984-03-24', 54, '7(087)267-87-85', 'Информационная безопасность', 'Информационная безопасность', '522EmkEmA6', 'foto24.jpg'),
    ('Яковлева Анисия Григорьевна', 'женский', 'dfmygtwpecj9@tutanota.com', '1997-09-13', 53, '7(798)711-92-89', 'Информационная безопасность', 'Информационная безопасность', 'uf9u227NYU', 'foto25.jpg'),
    ('Свиридов Тимофей Александрович', 'мужской', '82zju4yritwo@mail.com', '1991-07-22', 84, '7(68)882-28-10', 'Биг Дата', 'Разработка приложений', '4UDk9p76mD', 'foto26.jpg'),
    ('Медведев Захар Даниилович', 'мужской', 'zo6nye42s87t@yahoo.com', '1960-04-11', 63, '7(36)230-79-77', 'Аналитика', 'Стартапы', 'cK49u3JU4n', 'foto27.jpg'),
    ('Тихонова Елизавета Александровна', 'женский', '0cejwmnpqtb6@gmail.com', '1955-01-07', 34, '7(2594)224-28-37', 'Информационная безопасность', 'Информационная безопасность', 'b2JHb32S8i', 'foto28.jpg'),
    ('Рыжов Роман Константинович', 'мужской', '42thql96cwe5@yahoo.com', '1981-12-30', 67, '7(1009)025-64-70', 'Биг Дата', 'Разработка приложений', 'uASc9446eF', 'foto29.jpg');

INSERT INTO participants (full_name, email, birth_date, city_id, phone, password, photo_filename, gender) VALUES
    ('Ершова Нора Федотовна', 'techie@outlook.com', '1987-03-26', 71, '9604240711', 'tKKevv8%', 'foto60.jpg', 'женский'),
    ('Афанасьева Жанна Валентиновна', 'agapow@yahoo.com', '1988-01-04', 34, '9306616931', 'huSfHm4$', 'foto61.jpg', 'ж'),
    ('Крылова Рая Всеволодовна', 'chaikin@yahoo.ca', '1988-04-05', 73, '9572656068', 'TlUwMw77%', 'foto62.jpg', 'жен'),
    ('Попова Вида Тимофеевна', 'lbecchi@yahoo.ca', '1989-10-25', 64, '9117440314', '%afF#@6', 'foto63.jpg', 'жен'),
    ('Давыдова Сандра Богуславовна', 'bbirth@gmail.com', '1989-12-27', 55, '9848778764', 'SU4Jpw"', 'foto64.jpg', 'жен'),
    ('Прохорова Сабина Созоновна', 'library@sbcglobal.net', '1990-01-16', 77, '9405002072', 'wL#O0V', 'foto65.jpg', 'жен'),
    ('Громова Сильва Адольфовна', 'sisyphus@live.com', '1990-06-13', 52, '9560567521', 'p5r{zY', 'foto66.jpg', 'ж'),
    ('Боброва Джема Феликсовна', 'msroth@hotmail.com', '1990-07-03', 28, '9654933966', 'wTVK~M1', 'foto67.jpg', 'женский'),
    ('Фокина Алия Юлиановна', 'dodong@yahoo.com', '1990-11-27', 53, '9973296978', '8*Zfaj', 'foto68.jpg', 'ж'),
    ('Калинина Маргарита Анатольевна', 'bcevc@hotmail.com', '1991-06-08', 74, '9645715650', '4sBGr*', 'foto69.jpg', 'ж'),
    ('Горшкова Дина Тарасовна', 'sethbrown@aol.com', '1991-08-13', 7, '9184188073', 'BpC8e8]', 'foto70.jpg', 'женский'),
    ('Гуляева Ирэна Юрьевна', 'ftgvh2xbdaps@tutanota.com', '1992-10-03', 38, '918413939', 'cI1CTd', 'foto1.jpg', 'женский'),
    ('Бурова Келен Натановна', 'ervbd91pfcoi@mail.com', '1990-09-19', 54, '9184181029', 'MPmfYk', 'foto2.jpg', 'женский'),
    ('Королёва Лаура Пётровна', 'p3y4b981xwdl@outlook.com', '1995-07-31', 24, '91841882942', 'omtSW3', 'foto3.jpg', 'женский'),
    ('Степанова Розалия Евсеевна', '8e9kvxq6z70o@mail.com', '1994-11-02', 24, '9184180129', 'cErGgC', 'foto4.jpg', 'женский'),
    ('Тимофеева Евгения Викторовна', 'obnk82vzpg34@yahoo.com', '1982-01-02', 11, '9184181203', 'q2se3v', 'foto5.jpg', 'женский'),
    ('Дроздова Винетта Германовна', 'wl652rgtk9js@gmail.com', '1996-06-17', 1, '9184181035', 'KnqfAk', 'foto6.jpg', 'женский'),
    ('Лукина Ксения Романовна', '23rgct5v1myx@gmail.com', '1990-09-18', 2, '9184181038', '6YxPwE', 'foto7.jpg', 'женский'),
    ('Мышкина Триана Геннадьевна', 'i4fs8e6mlk5p@yahoo.com', '1981-12-30', 54, '9184189137', 'pBQpPx', 'foto8.jpg', 'женский'),
    ('Михеева Аделия Авксентьевна', '4hu6f8dxvngq@tutanota.com', '1989-06-11', 64, '9182394582', 'FkX6Ms', 'foto9.jpg', 'женский');

INSERT INTO events (id, title, event_date, duration_days, city_id, direction) VALUES
    (1, 'Всероссийский хакатон neuromedia 2017 по разработке продуктов на стыке информационных технологий, медиа и нейронных сетей ', '2022-10-26', 1, 34, 'Информационная безопасность'),
    (2, 'Встреча #3 клуба ITBizRadio на тему:  «уборка» — выкидываем ненужные навыки, инструменты и ограничения» ', '2022-07-14', 3, 34, 'Информационная безопасность'),
    (3, 'Встреча клуба «Leader stories»: Мотивирующее руководство ', '2023-11-09', 2, 2, 'Информационная безопасность'),
    (4, 'Встреча клуба руководителей «Leader Stories»: Постановка целей команде ', '2023-07-06', 2, 66, 'Информационная безопасность'),
    (5, 'Быстрее, выше, сильнее: как спорт помогает бизнесу и корпорациям ', '2023-04-13', 3, 4, 'Информационная безопасность'),
    (6, 'Встреча клуба Leader Stories «Мотивирующее руководство» ', '2022-02-20', 3, 76, 'Информационная безопасность'),
    (7, 'Встреча клуба Leader Stories в формате настольной трансформационной коучинговой игры «УниверсУм» ', '2023-10-10', 2, 78, 'Информационная безопасность'),
    (8, 'Встреча пользователей PTV в России ', '2022-04-16', 3, 50, 'Информационная безопасность'),
    (9, 'Встреча сообщества CocoaHeads Russia ', '2023-07-01', 3, 78, 'Информационная безопасность'),
    (10, 'Встреча СПб СоА 16 апреля. Репетиция докладов к Analyst Days ', '2022-10-18', 1, 78, 'Информационная безопасность'),
    (11, 'Встреча JUG.ru с Венкатом Субраманиамом — Design Patterns in the Light of Lambda Expressions ', '2023-08-26', 1, 56, 'Информационная безопасность'),
    (12, 'Встреча №3 HR-клуба Моего круга ', '2022-11-27', 1, 45, 'Информационная безопасность'),
    (13, 'Встреча №4 HR-клуба «Моего круга» ', '2023-10-31', 2, 78, 'Информационная безопасность'),
    (14, 'Встреча SPb Python Community ', '2022-07-02', 3, 9, 'Информационная безопасность'),
    (15, 'Встреча SpbDotNet №36 ', '2022-10-14', 3, 8, 'Информационная безопасность'),
    (16, 'Встреча SpbDotNet №40 ', '2023-05-08', 2, 23, 'Информационная безопасность'),
    (17, 'Встреча SpbDotNet №44 ', '2022-05-10', 2, 56, 'Информационная безопасность'),
    (18, 'Вторая международная конференция и выставка «ЦОД: модели, сервисы, инфраструктура - 2018» ', '2022-03-03', 2, 33, 'Информационная безопасность'),
    (19, 'Выбор и создание методов решения аналитических задач ', '2023-09-13', 2, 22, 'Информационная безопасность'),
    (20, 'Выгорание: от бесплатного печенья до депрессии ', '2023-11-11', 3, 4, 'Информационная безопасность');

INSERT INTO activity_votes (winner_name, jury_slot, jury_member_name) VALUES
    ('Ершова Нора Федотовна', 3, 'Маслова Марфа Феликсовна'),
    ('Ершова Нора Федотовна', 4, 'Ларионова Марина Владимировна'),
    ('Ершова Нора Федотовна', 5, 'Ларионова Марина Владимировна'),
    ('Ершова Нора Федотовна', 3, 'Гришин Вениамин Петрович'),
    ('Ершова Нора Федотовна', 4, 'Маслова Марфа Феликсовна'),
    ('Ершова Нора Федотовна', 5, 'Маслова Марфа Феликсовна'),
    ('Ершова Нора Федотовна', 4, 'Гришин Вениамин Петрович'),
    ('Ершова Нора Федотовна', 5, 'Гришин Вениамин Петрович'),
    ('Афанасьева Жанна Валентиновна', 3, 'Морозов Ким Демьянович'),
    ('Афанасьева Жанна Валентиновна', 4, 'Герасимова Айлин Ефимовна'),
    ('Афанасьева Жанна Валентиновна', 5, 'Кошелев Лука Артёмович'),
    ('Афанасьева Жанна Валентиновна', 3, 'Кошелев Лука Артёмович'),
    ('Афанасьева Жанна Валентиновна', 4, 'Большаков Августин Алексеевич'),
    ('Афанасьева Жанна Валентиновна', 5, 'Ларионова Марина Владимировна'),
    ('Афанасьева Жанна Валентиновна', 5, 'Маслова Марфа Феликсовна'),
    ('Крылова Рая Всеволодовна', 3, 'Маслова Марфа Феликсовна'),
    ('Крылова Рая Всеволодовна', 4, 'Ларионова Марина Владимировна'),
    ('Крылова Рая Всеволодовна', 5, 'Кошелев Лука Артёмович'),
    ('Крылова Рая Всеволодовна', 3, 'Гришин Вениамин Петрович'),
    ('Крылова Рая Всеволодовна', 4, 'Маслова Марфа Феликсовна'),
    ('Крылова Рая Всеволодовна', 5, 'Ларионова Марина Владимировна'),
    ('Крылова Рая Всеволодовна', 4, 'Гришин Вениамин Петрович'),
    ('Крылова Рая Всеволодовна', 5, 'Маслова Марфа Феликсовна'),
    ('Попова Вида Тимофеевна', 3, 'Морозов Ким Демьянович'),
    ('Попова Вида Тимофеевна', 4, 'Кошелев Лука Артёмович'),
    ('Попова Вида Тимофеевна', 5, 'Ларионова Марина Владимировна'),
    ('Попова Вида Тимофеевна', 3, 'Кошелев Лука Артёмович'),
    ('Попова Вида Тимофеевна', 4, 'Ларионова Марина Владимировна'),
    ('Попова Вида Тимофеевна', 5, 'Маслова Марфа Феликсовна'),
    ('Попова Вида Тимофеевна', 4, 'Маслова Марфа Феликсовна'),
    ('Давыдова Сандра Богуславовна', 3, 'Ларионова Марина Владимировна'),
    ('Давыдова Сандра Богуславовна', 4, 'Гришин Владислав Аркадьевич'),
    ('Давыдова Сандра Богуславовна', 5, 'Герасимова Айлин Ефимовна'),
    ('Давыдова Сандра Богуславовна', 3, 'Маслова Марфа Феликсовна'),
    ('Давыдова Сандра Богуславовна', 4, 'Корнилова Габи Георгьевна'),
    ('Давыдова Сандра Богуславовна', 5, 'Большаков Августин Алексеевич'),
    ('Давыдова Сандра Богуславовна', 3, 'Гришин Вениамин Петрович'),
    ('Давыдова Сандра Богуславовна', 5, 'Морозов Ким Демьянович'),
    ('Прохорова Сабина Созоновна', 3, 'Ларионова Марина Владимировна'),
    ('Прохорова Сабина Созоновна', 4, 'Галкина Верона Васильевна'),
    ('Прохорова Сабина Созоновна', 5, 'Герасимова Айлин Ефимовна'),
    ('Прохорова Сабина Созоновна', 3, 'Маслова Марфа Феликсовна'),
    ('Прохорова Сабина Созоновна', 4, 'Герасимова Айлин Ефимовна'),
    ('Прохорова Сабина Созоновна', 5, 'Большаков Августин Алексеевич'),
    ('Прохорова Сабина Созоновна', 3, 'Гришин Вениамин Петрович'),
    ('Прохорова Сабина Созоновна', 4, 'Большаков Августин Алексеевич'),
    ('Прохорова Сабина Созоновна', 5, 'Морозов Ким Демьянович'),
    ('Громова Сильва Адольфовна', 3, 'Ларионова Марина Владимировна'),
    ('Громова Сильва Адольфовна', 4, 'Герасимова Айлин Ефимовна'),
    ('Громова Сильва Адольфовна', 5, 'Гришин Владислав Аркадьевич'),
    ('Громова Сильва Адольфовна', 3, 'Маслова Марфа Феликсовна'),
    ('Громова Сильва Адольфовна', 4, 'Большаков Августин Алексеевич'),
    ('Громова Сильва Адольфовна', 5, 'Корнилова Габи Георгьевна'),
    ('Фокина Алия Юлиановна', 3, 'Морозов Ким Демьянович'),
    ('Фокина Алия Юлиановна', 4, 'Гришин Владислав Аркадьевич'),
    ('Фокина Алия Юлиановна', 5, 'Кошелев Лука Артёмович'),
    ('Фокина Алия Юлиановна', 3, 'Кошелев Лука Артёмович'),
    ('Фокина Алия Юлиановна', 4, 'Корнилова Габи Георгьевна'),
    ('Фокина Алия Юлиановна', 5, 'Ларионова Марина Владимировна'),
    ('Фокина Алия Юлиановна', 5, 'Маслова Марфа Феликсовна'),
    ('Горшкова Дина Тарасовна', 3, 'Ларионова Марина Владимировна'),
    ('Горшкова Дина Тарасовна', 5, 'Герасимова Айлин Ефимовна'),
    ('Горшкова Дина Тарасовна', 3, 'Маслова Марфа Феликсовна'),
    ('Горшкова Дина Тарасовна', 4, 'Гришин Владислав Аркадьевич'),
    ('Горшкова Дина Тарасовна', 5, 'Большаков Августин Алексеевич'),
    ('Горшкова Дина Тарасовна', 3, 'Гришин Вениамин Петрович'),
    ('Горшкова Дина Тарасовна', 4, 'Корнилова Габи Георгьевна'),
    ('Горшкова Дина Тарасовна', 5, 'Морозов Ким Демьянович'),
    ('Бурова Келен Натановна', 4, 'Кошелев Лука Артёмович'),
    ('Бурова Келен Натановна', 5, 'Герасимова Айлин Ефимовна'),
    ('Бурова Келен Натановна', 3, 'Гришин Владислав Аркадьевич'),
    ('Бурова Келен Натановна', 4, 'Ларионова Марина Владимировна'),
    ('Бурова Келен Натановна', 5, 'Большаков Августин Алексеевич'),
    ('Бурова Келен Натановна', 3, 'Корнилова Габи Георгьевна'),
    ('Бурова Келен Натановна', 4, 'Маслова Марфа Феликсовна'),
    ('Бурова Келен Натановна', 5, 'Морозов Ким Демьянович');

